infected_person_id,infector_id,location_id,variant,timestep,mask
23,22,9,Omicron,0,0.16346
25,22,9,Omicron,0,0.16346
2,22,2,Omicron,180,0.16346
35,22,30,Omicron,420,0.16346
45,22,2,Omicron,600,0.16346
52,22,2,Omicron,180,0.16346
54,22,2,Omicron,180,0.16346
74,22,2,Omicron,180,0.16346
85,22,2,Omicron,180,0.16346
86,22,2,Omicron,180,0.16346
95,22,2,Omicron,180,0.16346
112,22,2,Omicron,180,0.16346
122,22,2,Omicron,180,0.16346
130,22,2,Omicron,180,0.16346
143,22,4,Omicron,840,0.16346
168,22,2,Omicron,180,0.16346
169,22,12,Omicron,660,0.16346
48,22,30,Omicron,420,0.16346
53,22,12,Omicron,240,0.16346
66,22,2,Omicron,600,0.16346
146,22,36,Omicron,1020,0.16346
113,22,30,Omicron,300,0.16346
131,22,30,Omicron,300,0.16346
165,22,30,Omicron,300,0.16346
38,22,22,Omicron,1140,0.16346
115,22,30,Omicron,420,0.16346
134,22,30,Omicron,420,0.16346
37,22,30,Omicron,480,0.16346
67,22,30,Omicron,480,0.16346
78,22,2,Omicron,600,0.16346
96,22,2,Omicron,600,0.16346
105,22,2,Omicron,600,0.16346
118,22,4,Omicron,840,0.16346
149,22,2,Omicron,600,0.16346
151,22,22,Omicron,1140,0.16346
40,22,4,Omicron,960,0.16346
90,22,12,Omicron,660,0.16346
120,22,12,Omicron,660,0.16346
142,22,12,Omicron,660,0.16346
97,22,12,Omicron,720,0.16346
73,22,12,Omicron,780,0.16346
91,22,4,Omicron,1080,0.16346
34,22,4,Omicron,840,0.16346
106,22,4,Omicron,840,0.16346
7,22,4,Omicron,900,0.16346
39,22,4,Omicron,900,0.16346
43,22,36,Omicron,1020,0.16346
133,22,36,Omicron,1020,0.16346
138,22,36,Omicron,1020,0.16346
126,22,4,Omicron,1080,0.16346
42,22,22,Omicron,1140,0.16346
12,22,22,Omicron,1200,0.16346
31,22,3,Omicron,1380,0.16346
5,22,3,Omicron,1440,0.16346
93,22,3,Omicron,1440,0.16346
