infected_person_id,infector_id,location_id,variant,timestep,mask
157,160,51,Omicron,0,0.19757
158,160,51,Omicron,0,0.19757
159,160,51,Omicron,0,0.19757
161,160,89,Omicron,60,0.19757
286,160,89,Omicron,1260,0.19757
15,160,14,Omicron,120,0.19757
53,160,14,Omicron,120,0.19757
55,160,14,Omicron,120,0.19757
70,160,14,Omicron,120,0.19757
76,160,30,Omicron,1380,0.19757
77,160,14,Omicron,120,0.19757
78,160,14,Omicron,120,0.19757
90,160,14,Omicron,120,0.19757
96,160,30,Omicron,1380,0.19757
97,160,14,Omicron,120,0.19757
135,160,14,Omicron,120,0.19757
162,160,3,Omicron,1020,0.19757
165,160,14,Omicron,120,0.19757
172,160,30,Omicron,1440,0.19757
67,160,3,Omicron,900,0.19757
91,160,21,Omicron,420,0.19757
155,160,14,Omicron,180,0.19757
173,160,14,Omicron,360,0.19757
19,160,21,Omicron,420,0.19757
20,160,14,Omicron,240,0.19757
62,160,14,Omicron,240,0.19757
69,160,21,Omicron,420,0.19757
115,160,14,Omicron,240,0.19757
154,160,30,Omicron,660,0.19757
82,160,14,Omicron,360,0.19757
101,160,14,Omicron,360,0.19757
32,160,21,Omicron,420,0.19757
63,160,11,Omicron,1320,0.19757
102,160,21,Omicron,420,0.19757
145,160,21,Omicron,420,0.19757
4,160,21,Omicron,480,0.19757
119,160,3,Omicron,840,0.19757
122,160,21,Omicron,480,0.19757
89,160,21,Omicron,540,0.19757
94,160,21,Omicron,540,0.19757
38,160,30,Omicron,600,0.19757
144,160,30,Omicron,600,0.19757
43,160,30,Omicron,660,0.19757
48,160,32,Omicron,720,0.19757
114,160,32,Omicron,720,0.19757
84,160,3,Omicron,840,0.19757
168,160,3,Omicron,1080,0.19757
54,160,11,Omicron,1320,0.19757
74,160,11,Omicron,1320,0.19757
117,160,11,Omicron,1320,0.19757
152,160,11,Omicron,1320,0.19757
1,160,30,Omicron,1380,0.19757
121,160,30,Omicron,1380,0.19757
133,160,30,Omicron,1380,0.19757
163,160,30,Omicron,1380,0.19757
41,160,30,Omicron,1440,0.19757
