infected_person_id,infector_id,location_id,variant,timestep,mask
2,3,1,Omicron,0,0.42193
10,3,13,Omicron,60,0.42193
15,3,13,Omicron,60,0.42193
16,3,21,Omicron,1260,0.42193
20,3,13,Omicron,60,0.42193
42,3,13,Omicron,60,0.42193
87,3,10,Omicron,840,0.42193
115,3,13,Omicron,60,0.42193
127,3,13,Omicron,480,0.42193
129,3,21,Omicron,1260,0.42193
140,3,13,Omicron,60,0.42193
80,3,2,Omicron,1440,0.42193
89,3,13,Omicron,120,0.42193
93,3,13,Omicron,780,0.42193
110,3,2,Omicron,1440,0.42193
144,3,13,Omicron,120,0.42193
156,3,13,Omicron,120,0.42193
84,3,13,Omicron,180,0.42193
124,3,10,Omicron,960,0.42193
86,3,13,Omicron,480,0.42193
117,3,10,Omicron,1020,0.42193
7,3,13,Omicron,480,0.42193
9,3,13,Omicron,480,0.42193
29,3,13,Omicron,480,0.42193
33,3,13,Omicron,480,0.42193
70,3,13,Omicron,480,0.42193
106,3,4,Omicron,1140,0.42193
157,3,13,Omicron,480,0.42193
158,3,13,Omicron,480,0.42193
163,3,13,Omicron,480,0.42193
85,3,13,Omicron,540,0.42193
5,3,10,Omicron,960,0.42193
59,3,13,Omicron,600,0.42193
130,3,13,Omicron,600,0.42193
61,3,13,Omicron,660,0.42193
108,3,13,Omicron,660,0.42193
26,3,13,Omicron,720,0.42193
36,3,13,Omicron,780,0.42193
64,3,13,Omicron,780,0.42193
4,3,10,Omicron,840,0.42193
31,3,10,Omicron,840,0.42193
90,3,10,Omicron,840,0.42193
96,3,10,Omicron,840,0.42193
159,3,10,Omicron,840,0.42193
169,3,10,Omicron,840,0.42193
116,3,10,Omicron,960,0.42193
176,3,10,Omicron,960,0.42193
82,3,10,Omicron,1020,0.42193
38,3,22,Omicron,1080,0.42193
151,3,22,Omicron,1080,0.42193
67,3,4,Omicron,1140,0.42193
91,3,4,Omicron,1140,0.42193
119,3,4,Omicron,1140,0.42193
138,3,2,Omicron,1440,0.42193
45,3,2,Omicron,1440,0.42193
62,3,2,Omicron,1440,0.42193
118,3,2,Omicron,1440,0.42193
133,3,2,Omicron,1440,0.42193
145,3,2,Omicron,1440,0.42193
