infected_person_id,infector_id,location_id,variant,timestep,mask
3,20,13,Delta,60,0.28513
10,20,13,Delta,60,0.28513
15,20,13,Delta,60,0.28513
16,20,37,Delta,600,0.28513
42,20,14,Delta,780,0.28513
87,20,13,Delta,60,0.28513
115,20,14,Delta,240,0.28513
127,20,17,Delta,900,0.28513
129,20,13,Delta,60,0.28513
140,20,13,Delta,60,0.28513
17,20,20,Delta,120,0.28513
48,20,20,Delta,120,0.28513
59,20,17,Delta,1080,0.28513
67,20,20,Delta,540,0.28513
108,20,20,Delta,120,0.28513
62,20,17,Delta,960,0.28513
69,20,20,Delta,540,0.28513
70,20,14,Delta,240,0.28513
76,20,14,Delta,240,0.28513
78,20,17,Delta,960,0.28513
91,20,14,Delta,240,0.28513
96,20,14,Delta,240,0.28513
97,20,20,Delta,540,0.28513
135,20,14,Delta,240,0.28513
155,20,14,Delta,240,0.28513
160,20,14,Delta,240,0.28513
162,20,12,Delta,1380,0.28513
172,20,14,Delta,240,0.28513
173,20,14,Delta,360,0.28513
82,20,17,Delta,840,0.28513
101,20,14,Delta,660,0.28513
4,20,14,Delta,420,0.28513
80,20,14,Delta,420,0.28513
93,20,14,Delta,660,0.28513
165,20,14,Delta,660,0.28513
84,20,14,Delta,660,0.28513
161,20,14,Delta,480,0.28513
46,20,20,Delta,540,0.28513
52,20,20,Delta,540,0.28513
124,20,20,Delta,540,0.28513
2,20,37,Delta,600,0.28513
29,20,14,Delta,720,0.28513
37,20,12,Delta,1320,0.28513
103,20,14,Delta,720,0.28513
164,20,14,Delta,780,0.28513
8,20,12,Delta,1440,0.28513
43,20,17,Delta,900,0.28513
104,20,17,Delta,900,0.28513
94,20,17,Delta,1020,0.28513
102,20,17,Delta,1080,0.28513
26,20,12,Delta,1320,0.28513
35,20,12,Delta,1320,0.28513
116,20,12,Delta,1320,0.28513
