infected_person_id,infector_id,location_id,variant,timestep,mask
37,36,12,Omicron,0,0.20069
38,36,30,Omicron,900,0.20069
146,36,20,Omicron,1320,0.20069
43,36,32,Omicron,120,0.20069
143,36,32,Omicron,240,0.20069
95,36,13,Omicron,780,0.20069
103,36,31,Omicron,360,0.20069
162,36,31,Omicron,540,0.20069
3,36,13,Omicron,780,0.20069
5,36,13,Omicron,780,0.20069
19,36,13,Omicron,780,0.20069
26,36,13,Omicron,780,0.20069
44,36,13,Omicron,780,0.20069
57,36,13,Omicron,780,0.20069
60,36,12,Omicron,1020,0.20069
64,36,13,Omicron,780,0.20069
85,36,16,Omicron,1380,0.20069
93,36,13,Omicron,780,0.20069
125,36,13,Omicron,780,0.20069
163,36,13,Omicron,780,0.20069
12,36,16,Omicron,1380,0.20069
18,36,13,Omicron,840,0.20069
35,36,13,Omicron,840,0.20069
124,36,13,Omicron,840,0.20069
129,36,13,Omicron,840,0.20069
156,36,13,Omicron,840,0.20069
2,36,30,Omicron,900,0.20069
16,36,30,Omicron,900,0.20069
69,36,30,Omicron,900,0.20069
70,36,30,Omicron,900,0.20069
76,36,30,Omicron,900,0.20069
78,36,30,Omicron,900,0.20069
99,36,30,Omicron,900,0.20069
145,36,30,Omicron,900,0.20069
118,36,12,Omicron,960,0.20069
148,36,12,Omicron,960,0.20069
94,36,31,Omicron,1140,0.20069
15,36,16,Omicron,1380,0.20069
42,36,16,Omicron,1380,0.20069
53,36,16,Omicron,1380,0.20069
71,36,16,Omicron,1380,0.20069
158,36,16,Omicron,1380,0.20069
25,36,16,Omicron,1440,0.20069
29,36,16,Omicron,1440,0.20069
34,36,16,Omicron,1440,0.20069
