infected_person_id,infector_id,location_id,variant,timestep,mask
8,7,3,Omicron,0,0.40265
9,7,14,Omicron,1080,0.40265
4,7,10,Omicron,60,0.40265
33,7,13,Omicron,1380,0.40265
64,7,10,Omicron,60,0.40265
66,7,10,Omicron,60,0.40265
84,7,10,Omicron,60,0.40265
117,7,13,Omicron,360,0.40265
126,7,10,Omicron,60,0.40265
115,7,10,Omicron,120,0.40265
148,7,10,Omicron,120,0.40265
38,7,10,Omicron,180,0.40265
94,7,10,Omicron,180,0.40265
119,7,10,Omicron,180,0.40265
133,7,10,Omicron,180,0.40265
138,7,10,Omicron,180,0.40265
29,7,13,Omicron,1380,0.40265
80,7,13,Omicron,360,0.40265
86,7,13,Omicron,360,0.40265
89,7,13,Omicron,360,0.40265
93,7,13,Omicron,360,0.40265
110,7,2,Omicron,1140,0.40265
127,7,13,Omicron,1380,0.40265
129,7,13,Omicron,360,0.40265
144,7,13,Omicron,1440,0.40265
157,7,13,Omicron,360,0.40265
163,7,13,Omicron,420,0.40265
3,7,13,Omicron,480,0.40265
70,7,13,Omicron,480,0.40265
106,7,2,Omicron,1260,0.40265
158,7,13,Omicron,480,0.40265
85,7,13,Omicron,540,0.40265
5,7,13,Omicron,600,0.40265
59,7,13,Omicron,600,0.40265
130,7,13,Omicron,600,0.40265
61,7,13,Omicron,660,0.40265
95,7,13,Omicron,660,0.40265
108,7,13,Omicron,660,0.40265
26,7,14,Omicron,1080,0.40265
77,7,13,Omicron,1380,0.40265
73,7,13,Omicron,1380,0.40265
146,7,4,Omicron,900,0.40265
2,7,14,Omicron,1080,0.40265
62,7,2,Omicron,1200,0.40265
97,7,13,Omicron,1380,0.40265
140,7,14,Omicron,1080,0.40265
164,7,14,Omicron,1080,0.40265
96,7,2,Omicron,1140,0.40265
118,7,2,Omicron,1140,0.40265
155,7,13,Omicron,1380,0.40265
45,7,2,Omicron,1200,0.40265
48,7,13,Omicron,1380,0.40265
69,7,13,Omicron,1380,0.40265
91,7,13,Omicron,1380,0.40265
101,7,13,Omicron,1380,0.40265
135,7,13,Omicron,1380,0.40265
156,7,13,Omicron,1380,0.40265
172,7,13,Omicron,1380,0.40265
