infected_person_id,infector_id,location_id,variant,timestep,mask
2,3,1,Omicron,0,0.74735
10,3,13,Omicron,60,0.74735
15,3,13,Omicron,60,0.74735
16,3,21,Omicron,1260,0.74735
20,3,13,Omicron,60,0.74735
42,3,13,Omicron,60,0.74735
87,3,10,Omicron,840,0.74735
115,3,13,Omicron,60,0.74735
127,3,13,Omicron,480,0.74735
129,3,21,Omicron,1260,0.74735
140,3,13,Omicron,60,0.74735
80,3,2,Omicron,1440,0.74735
89,3,13,Omicron,120,0.74735
93,3,13,Omicron,780,0.74735
110,3,2,Omicron,1440,0.74735
144,3,13,Omicron,120,0.74735
156,3,13,Omicron,120,0.74735
84,3,13,Omicron,180,0.74735
124,3,10,Omicron,960,0.74735
86,3,13,Omicron,480,0.74735
117,3,10,Omicron,1020,0.74735
7,3,13,Omicron,480,0.74735
9,3,13,Omicron,480,0.74735
29,3,13,Omicron,480,0.74735
33,3,13,Omicron,480,0.74735
70,3,13,Omicron,480,0.74735
106,3,4,Omicron,1140,0.74735
157,3,13,Omicron,480,0.74735
158,3,13,Omicron,480,0.74735
163,3,13,Omicron,480,0.74735
85,3,13,Omicron,540,0.74735
5,3,10,Omicron,960,0.74735
59,3,13,Omicron,600,0.74735
130,3,13,Omicron,600,0.74735
61,3,13,Omicron,660,0.74735
108,3,13,Omicron,660,0.74735
26,3,13,Omicron,720,0.74735
36,3,13,Omicron,780,0.74735
64,3,13,Omicron,780,0.74735
4,3,10,Omicron,840,0.74735
31,3,10,Omicron,840,0.74735
90,3,10,Omicron,840,0.74735
96,3,10,Omicron,840,0.74735
159,3,10,Omicron,840,0.74735
169,3,10,Omicron,840,0.74735
116,3,10,Omicron,960,0.74735
176,3,10,Omicron,960,0.74735
82,3,10,Omicron,1020,0.74735
38,3,22,Omicron,1080,0.74735
151,3,22,Omicron,1080,0.74735
67,3,4,Omicron,1140,0.74735
91,3,4,Omicron,1140,0.74735
119,3,4,Omicron,1140,0.74735
138,3,2,Omicron,1440,0.74735
45,3,2,Omicron,1440,0.74735
62,3,2,Omicron,1440,0.74735
118,3,2,Omicron,1440,0.74735
133,3,2,Omicron,1440,0.74735
145,3,2,Omicron,1440,0.74735
